driverId,week,hours-logged,miles-logged
33,23,50,3200
103,30,57,3400
75,14,78,3300
35,15,55,2000
92,29,73,900
41,2,57,1800
45,16,68,3800
94,26,68,1300
52,18,78,2000
44,14,75,1400
106,21,51,1400
59,11,75,2400
16,42,73,800
26,50,57,100
72,36,74,3600
14,36,50,3700
104,5,60,3400
21,38,75,1100
82,18,80,1700
106,38,69,2000
59,28,57,500
11,5,64,1000
18,5,76,4000
49,42,55,900
108,29,55,700
11,30,56,2500
74,23,53,3500
84,34,51,1800
67,19,55,3100
46,26,69,1200
95,31,70,2100
74,31,76,400
74,20,72,1300
35,38,80,3900
21,42,50,2600
77,45,64,300
81,27,73,2300
61,8,72,3900
46,2,70,3500
99,13,55,2100
36,13,57,2500
42,30,52,1100
20,33,68,2700
33,49,65,1800
102,28,80,100
81,4,56,600
101,16,57,1300
87,42,70,600
79,19,71,2400
38,11,79,2200
99,33,54,2100
90,21,73,3300
73,50,61,800
107,28,52,2800
38,27,67,1900
26,30,79,2200
69,20,62,1400
82,52,52,2800
67,14,59,1000
98,31,67,4000
63,35,74,2200
73,46,57,2700
85,21,55,600
63,33,60,1200
106,15,67,2500
74,35,67,3100
51,23,75,900
46,40,59,2200
89,25,69,2400
87,7,66,3700
58,4,74,1400
54,47,77,1400
64,40,74,3600
106,6,70,1700
102,2,57,1400
18,49,77,1100
93,52,52,3200
47,40,74,1800
93,1,66,200
15,41,54,2700
56,42,67,600
34,14,58,200
19,40,56,3200
49,28,75,3700
56,10,52,1500
81,40,79,800
51,31,73,3600
82,48,52,1100
41,15,79,3300
102,10,68,2000
61,11,71,2700
79,48,55,3000
96,8,50,2800
52,2,78,1800
24,27,79,900
56,50,80,1100
26,52,57,3600
51,20,60,2400
70,14,60,1100
65,31,51,3000
82,27,78,900
74,13,69,1300
67,31,50,100
90,34,61,900
82,35,69,3100
59,52,60,2400
39,5,67,1300
90,26,62,2200
24,42,76,3300
11,40,80,2200
97,36,52,1000
45,21,70,0
90,3,51,2200
91,47,70,200
74,50,59,500
48,46,80,3700
11,48,66,3200
29,44,68,2700
83,5,55,1400
63,6,58,900
63,14,58,2400
103,40,76,2400
40,1,73,2800
41,34,59,3500
38,10,80,2900
23,5,67,2200
57,43,75,1200
89,40,61,2700
78,15,79,400
48,32,69,3100
109,47,66,1900
23,24,58,2000
75,35,78,3900
63,29,62,0
26,52,73,2000
69,52,50,1900
78,23,63,1300
86,6,66,3600
78,24,76,2700
58,11,70,0
44,39,54,1900
14,3,54,3400
44,23,56,1200
65,46,61,400
14,20,57,2000
99,36,67,2500
97,5,72,2300
105,10,58,3500
25,45,74,2200
72,21,61,2700
85,44,50,2800
85,45,65,2300
14,9,77,3900
34,50,72,1700
55,24,66,2100
16,27,53,700
73,50,59,1600
89,3,68,3500
109,52,69,2500
24,46,80,1300
10,48,64,3700
106,21,70,3600
106,46,58,2900
33,25,71,800
34,2,54,2400
51,32,76,200
103,25,60,1200
49,21,67,3800
89,30,64,2800
78,48,60,2300
53,22,72,3100
95,16,73,300
100,43,69,2300
19,29,73,2000
109,12,79,1000
14,34,68,1000
100,14,73,1500
67,21,53,1500
36,21,71,1200
13,17,78,1200
83,40,78,300
72,48,57,3800
56,20,80,2600
29,1,63,1500
82,15,65,3000
81,17,53,4000
101,34,63,3700
19,9,78,3900
17,39,73,1200
41,45,50,500
54,29,69,500
80,8,51,400
48,28,73,300
26,44,61,1300
16,19,61,1200
40,14,65,400
36,10,69,600
37,38,65,3100
62,1,52,3000
84,4,64,200
26,4,56,2300
102,1,71,3700
67,31,60,2900
47,11,50,3400
104,6,59,900
25,50,69,2400
54,52,77,1500
84,10,78,3200
18,11,70,700
56,13,75,2100
70,19,59,3900
102,51,68,1300
100,12,78,3100
98,1,52,2500
104,42,66,600
33,44,52,2400
52,20,74,2500
79,25,64,2600
89,44,62,1500
12,8,68,2700
63,20,55,3200
57,4,60,3100
33,34,71,1100
49,35,76,3600
16,14,75,3600
49,40,55,3900
37,9,54,900
65,13,79,600
39,52,58,4000
42,7,74,3400
22,32,73,3100
82,47,60,3000
68,24,61,3600
25,42,80,2300
41,9,54,1700
29,47,77,1200
75,29,57,1800
73,29,74,2300
47,5,53,600
107,10,68,2500
43,37,76,2600
62,22,77,0
72,14,74,1800
89,13,72,2000
37,50,77,1600
38,3,64,1700
12,24,69,1700
35,34,57,3800
88,42,64,1700
39,46,67,600
48,46,54,400
103,38,62,1600
60,40,76,1400
101,13,80,2100
95,52,72,1400
86,11,61,1800
103,4,54,200
93,44,79,1900
37,5,58,2300
93,10,70,1100
58,26,74,2200
33,49,63,3200
72,2,78,1000
14,27,76,800
44,22,63,2800
50,28,62,1700
24,20,62,2000
46,26,73,3200
100,3,70,3200
26,13,55,3600
24,17,64,3500
103,43,66,2900
21,33,80,1800
82,24,78,2800
18,22,56,2700
88,28,66,400
98,12,64,600
18,50,52,1600
84,3,73,2900
59,11,64,2000
35,46,69,1200
84,30,66,2200
40,25,77,3700
76,16,59,1000
42,8,58,2400
84,15,71,0
39,10,57,800
44,3,76,1500
91,20,73,3200
41,28,52,1500
66,31,57,3700
55,30,69,500
24,13,51,1900
24,4,59,2400
28,23,79,200
78,14,74,3600
12,3,80,1100
96,15,73,2000
70,30,71,3200
17,38,63,500
93,6,76,1300
74,23,72,2600
78,44,77,1500
53,50,58,2700
77,9,56,800
10,15,80,1300
32,13,76,800
59,52,69,1700
102,10,55,500
81,26,62,3000
36,40,78,700
64,35,57,600
87,38,75,700
68,21,59,2600
67,33,60,3300
85,23,77,3400
76,39,67,2000
70,45,79,3900
51,18,72,2600
37,27,63,3400
42,33,77,0
76,22,66,3500
11,27,80,3100
66,21,71,4000
55,37,79,800
21,9,58,2900
43,16,63,300
67,5,54,2600
85,9,55,2500
25,16,58,2700
22,31,51,100
13,38,64,2400
30,17,51,1800
44,39,53,3000
97,9,77,3300
34,40,72,3300
109,35,79,700
28,15,68,1300
78,23,50,0
105,15,73,2200
49,31,67,700
26,35,73,3000
106,15,68,2300
42,43,68,3500
12,12,61,3200
74,36,53,2400
23,15,59,2300
71,30,54,1300
79,47,63,3700
11,27,78,3700
86,27,59,1300
47,1,76,0
54,11,75,1300
10,40,60,0
21,39,53,3800
77,43,54,2000
52,35,78,2300
89,31,79,3900
72,45,64,2600
105,1,77,3600
33,39,57,1900
32,50,57,2300
42,29,57,3400
63,2,77,3000
61,2,71,2300
57,22,78,600
27,15,51,3600
57,4,50,3300
12,50,61,1900
85,6,75,900
30,43,79,3800
52,7,73,3700
61,45,56,600
61,32,73,2800
29,6,61,2300
85,18,64,3200
48,16,77,2600
49,14,75,800
101,40,78,2400
77,51,55,2800
18,6,75,3700
97,46,66,2400
88,52,74,3400
89,26,55,500
90,3,57,3700
51,25,70,1000
70,39,80,3600
17,8,51,3700
106,17,75,600
28,17,58,2100
23,23,58,800
48,16,61,3000
103,35,53,200
40,24,74,600
100,20,56,800
69,23,63,3600
57,30,76,3800
81,3,54,1400
93,28,61,2600
77,17,52,2700
80,4,55,1900
106,20,75,2900
18,30,56,4000
56,25,69,3200
79,35,79,1800
48,29,68,1200
94,40,64,2100
17,26,70,3700
93,26,57,1900
11,41,59,800
87,13,56,1100
76,19,69,100
26,12,66,3600
37,31,73,200
103,12,79,100
78,27,54,1300
30,43,61,300
63,9,65,4000
83,50,78,3800
83,2,67,3200
10,18,70,2000
25,40,78,3400
47,48,62,3900
62,29,60,2100
66,21,55,1000
70,50,70,3300
64,45,64,100
98,16,67,3900
68,30,71,1600
49,33,60,2900
50,16,54,800
82,5,58,3100
63,31,69,1400
84,24,62,2800
14,18,76,2900
101,12,78,2300
30,29,63,1300
43,19,76,900
46,9,68,400
73,43,63,100
41,41,63,500
39,1,61,300
21,50,53,2100
31,1,64,2800
103,20,53,2000
35,1,51,400
63,16,71,3700
45,25,53,1200
10,52,65,3600
46,30,60,700
16,1,60,1000
16,23,58,200
71,20,53,1700
104,27,71,3200
87,50,50,100
31,28,74,2900
67,30,77,4000
97,10,73,1700
46,32,62,2100
65,47,75,400
15,44,61,1300
69,9,57,3600
62,44,55,1900
67,48,74,600
41,1,70,3800
88,42,71,3100
87,34,71,2200
82,19,59,2100
85,39,78,3300
43,26,60,700
11,11,61,1200
23,46,57,2900
95,17,61,700
70,7,76,3600
19,40,56,800
104,48,77,900
25,52,53,3500
89,39,71,2400
71,4,73,1200
54,40,60,1500
93,18,80,200
43,7,64,1700
87,8,61,1000
26,45,58,3900
19,7,66,2300
51,5,75,2000
69,10,57,4000
55,10,51,200
93,22,59,3700
92,34,78,2500
99,18,59,100
100,23,55,1400
83,50,63,3500
65,28,74,1200
54,16,65,3900
41,40,75,1600
100,44,52,3600
68,23,72,4000
100,1,52,1000
29,10,58,1000
55,16,65,3700
49,3,59,1300
95,28,67,500
82,40,68,3500
31,36,58,500
71,43,67,1500
94,38,58,3300
103,34,60,300
52,20,57,1100
38,25,53,1800
64,18,64,500
85,17,64,3600
65,33,59,300
51,24,74,1000
88,45,57,2000
21,33,77,1700
82,50,77,3500
23,14,63,2600
68,5,61,2800
81,28,65,200
104,33,70,1900
35,42,77,2500
97,16,68,900
98,38,68,2200
64,41,74,3600
34,19,67,2700
42,5,55,300
51,31,73,300
102,9,54,3500
52,29,55,400
27,35,63,1300
12,32,53,600
29,14,65,4000
46,37,68,300
24,6,67,1500
103,14,72,1200
17,32,53,3600
13,41,53,1500
13,17,58,3200
86,5,60,2800
27,12,53,1800
60,29,56,2400
84,14,77,3200
70,28,60,2700
98,28,70,2700
48,7,75,1800
36,6,53,4000
61,4,79,2500
25,35,63,1700
37,1,76,1500
56,31,71,3500
37,23,73,500
16,34,79,3100
51,32,67,2100
95,23,55,100
62,27,56,1900
21,41,69,1200
81,11,67,3900
46,39,68,3600
16,28,62,3600
99,8,80,1300
38,3,56,2000
19,22,76,1900
24,22,69,300
93,45,50,1100
86,26,58,3500
82,10,79,1900
105,8,56,2100
76,42,79,600
55,27,51,2400
88,24,63,1500
29,52,63,2000
85,14,80,2100
41,26,79,500
48,5,56,200
104,38,63,800
35,47,61,3800
48,26,71,1400
32,6,73,2700
32,13,50,3700
18,24,78,400
36,23,52,3300
83,33,55,1500
53,37,58,2000
33,8,58,2200
73,23,63,1700
85,50,51,3900
46,16,60,3600
60,6,53,2900
50,29,54,2100
91,20,60,100
91,48,58,0
84,44,79,2900
46,29,74,300
22,3,61,400
96,19,69,3300
31,3,75,3900
84,31,68,3100
74,24,71,1700
64,45,57,3000
94,17,65,1700
10,1,57,3200
58,4,56,2200
85,29,72,2800
44,9,71,2400
36,6,72,3800
71,47,74,1100
47,37,75,3500
99,36,67,3300
40,12,60,2400
54,32,58,3800
56,42,65,400
41,6,57,200
67,37,51,3600
17,40,57,600
32,20,50,3200
50,34,62,2200
104,29,66,1300
43,48,74,700
80,13,75,3800
62,48,65,4000
70,23,63,2000
14,18,65,1600
27,41,78,2300
12,23,56,1800
49,25,52,1200
68,43,59,1300
36,39,66,2900
50,47,63,900
99,35,56,3600
76,1,56,3900
93,2,68,3600
90,39,56,1100
97,24,75,1900
73,47,80,3900
53,47,63,2300
40,43,72,900
83,27,57,3000
39,28,72,2200
15,3,61,3700
21,32,60,1700
100,47,80,2400
40,22,51,900
89,5,69,0
93,16,68,2100
103,2,51,3100
69,33,70,100
19,31,78,2300
64,38,65,2400
24,1,74,0
62,3,74,500
42,3,72,1900
20,16,71,1400
79,7,67,4000
108,2,74,4000
92,44,68,2200
43,49,68,1600
40,2,75,2000
92,35,66,1600
18,3,55,500
69,23,61,2800
93,17,73,3000
107,16,61,400
31,27,57,3200
26,18,72,1900
60,19,58,2400
60,19,62,800
69,52,70,4000
81,42,52,1100
39,3,69,200
43,19,61,3000
80,18,71,400
77,7,50,1300
105,38,71,1800
88,52,66,2100
92,52,60,1000
52,38,55,900
57,32,59,1400
91,19,77,1300
47,7,52,400
40,38,80,800
13,16,67,300
10,28,61,1900
39,13,52,3600
41,25,73,1400
56,7,69,2100
36,4,67,2800
26,21,62,600
23,38,64,1100
99,40,69,2000
93,36,77,200
108,42,80,900
54,44,74,2100
104,6,69,3900
64,21,76,2200
79,49,80,3900
10,12,55,500
85,20,72,100
26,46,64,2900
18,15,63,1300
49,4,63,400
21,50,52,500
57,10,60,300
49,31,77,3400
102,1,78,1900
101,23,75,0
75,30,51,3700
91,48,73,200
27,14,69,2300
68,33,54,3200
87,49,55,1500
90,38,61,1300
34,17,50,1500
42,26,63,100
71,49,62,700
25,29,65,1100
36,4,61,700
67,32,57,2600
106,35,77,300
71,7,68,2400
75,40,57,1800
22,35,59,3400
39,23,67,2200
68,39,77,100
46,45,50,3800
58,2,50,2100
30,27,50,300
95,47,57,4000
104,20,56,2100
29,44,77,1800
40,33,77,700
32,39,60,1500
14,21,53,3800
102,18,78,3500
19,44,73,2200
98,10,54,2200
108,47,78,800
44,49,71,2300
94,42,69,3900
14,9,55,1200
34,11,68,1600
32,1,76,3900
30,16,70,3100
76,4,71,500
11,15,57,3800
42,28,56,500
99,14,58,1100
26,12,76,3600
43,41,64,2600
40,10,75,500
78,47,50,3300
53,25,55,1400
102,21,77,2000
102,21,80,200
12,34,75,2400
62,4,54,1200
90,28,68,1000
89,20,68,900
77,33,73,2300
108,50,80,3100
102,43,56,300
72,14,56,3500
104,42,55,2700
32,3,61,300
75,3,60,2300
45,39,66,100
88,47,50,1000
74,21,52,900
94,43,55,2300
36,8,53,600
42,11,54,700
35,47,79,1600
52,31,53,2500
58,33,79,3300
102,46,57,2500
84,6,70,3600
21,27,67,600
49,45,72,1200
73,36,75,2000
90,49,77,2900
65,15,68,3800
67,10,74,3000
31,32,61,1000
96,8,71,3500
69,3,76,1100
93,41,68,0
11,3,54,3300
105,52,54,1400
44,6,64,2100
20,20,52,2300
95,38,71,2700
101,8,53,1500
63,6,78,1600
83,8,53,1800
81,36,52,2700
45,32,55,1600
96,39,79,300
28,32,75,500
58,27,51,4000
44,40,50,3000
41,40,51,1700
48,41,74,900
58,36,70,600
106,14,60,900
27,1,55,2900
22,31,54,2000
18,49,55,3700
15,14,60,800
99,4,74,0
108,15,73,3700
93,1,52,0
20,31,67,1600
28,44,50,3100
88,17,55,1800
62,2,64,500
33,6,56,2000
44,47,54,2700
68,31,61,1800
45,10,69,2300
87,14,72,800
64,9,77,1600
103,29,61,3400
67,32,62,3200
24,31,50,3300
10,44,51,3300
14,21,60,400
51,44,73,2600
37,22,73,3600
45,3,67,400
56,24,61,1400
45,5,71,1000
81,33,63,3600
54,17,59,700
45,20,68,2700
37,52,60,3500
107,18,78,300
75,5,61,1400
100,11,80,600
20,47,72,800
46,22,57,1600
18,14,79,2000
92,1,68,1300
51,45,70,3000
50,13,61,200
10,43,77,2200
13,32,59,2900
40,15,60,2900
28,16,70,2100
13,12,54,600
84,4,62,2100
103,34,57,1300
43,23,55,1800
74,34,69,2100
84,51,71,1700
103,8,68,0
16,48,50,3100
83,35,78,1600
107,41,53,1000
21,18,69,1900
99,4,76,3000
66,42,59,600
57,27,51,1800
36,16,58,1000
10,10,80,1300
100,46,53,2400
74,42,75,1400
78,32,55,3200
36,23,76,4000
63,7,76,1400
30,44,53,300
83,37,61,3600
39,31,62,3700
16,19,74,4000
99,8,51,100
52,38,76,1800
97,47,75,1200
46,32,58,2400
26,8,72,800
63,17,78,2200
104,46,80,2200
83,46,72,800
81,24,66,3700
65,23,69,3200
99,14,72,2100
77,15,63,1900
64,28,72,1400
67,15,60,200
73,50,66,1500
99,27,66,3200
82,28,53,3800
18,40,63,2600
85,50,65,700
51,9,50,400
51,30,79,1200
10,52,60,2200
35,31,55,3000
93,12,58,2700
46,45,61,2700
12,42,53,2700
32,39,59,3100
34,23,50,2900
12,50,58,1500
18,51,61,2400
12,1,59,3200
58,40,50,3800
101,12,58,2600
22,39,70,3000
96,23,55,3100
97,13,75,2800
81,42,78,100
21,39,78,900
95,1,61,3200
64,38,75,800
90,31,69,1400
80,37,74,600
101,12,56,1500
30,23,70,900
82,39,63,1700
87,22,71,3700
54,6,69,3800
109,50,68,3300
49,41,59,1600
65,44,74,0
99,21,69,2300
108,25,52,1900
58,24,75,3300
41,30,64,700
79,14,74,4000
97,46,70,2300
41,18,54,1600
101,41,61,1500
35,43,65,600
69,12,56,300
108,12,53,3500
44,15,66,1500
12,30,74,3300
12,17,72,900
23,51,52,1600
11,52,52,2100
12,20,58,3000
58,11,55,3600
33,49,56,2600
55,5,57,3700
66,23,73,900
62,21,66,3900
24,21,55,200
17,45,64,2600
64,51,51,2300
67,38,71,1900
27,46,68,3200
92,46,59,1600
26,28,70,3300
26,31,60,1700
30,7,54,1600
19,29,54,300
76,27,50,1000
100,29,71,1600
61,13,56,3200
30,26,65,1300
77,52,53,3200
60,4,62,2800
56,51,51,1000
23,5,73,2100
101,10,67,1800
92,17,76,3800
86,3,80,3300
71,38,57,2100
17,31,62,3900
32,30,79,2500
15,20,60,3700
98,51,58,1700
65,11,59,200
28,20,51,3500
40,6,68,600
73,2,78,1100
22,14,64,2500
51,44,78,900
64,22,77,3700
102,26,60,2500
90,15,77,800
90,14,73,1100
36,1,60,1400
46,5,67,2300
14,47,76,3700
27,46,52,2600
97,39,58,1400
41,8,69,2200
87,3,68,3700
65,27,78,3200
21,30,53,2600
20,22,59,3300
78,10,66,400
21,38,57,200
17,38,68,200
64,18,78,2700
48,25,70,1800
40,3,65,3000
108,42,50,3500
36,20,80,2200
18,24,80,1800
